City,Cloudiness,Country,Date,Humidity,Lat,Lng,Max Temp,Wind Speed
hermanus,50,ZA,1575418759,51,-34.42,19.24,14.44,6.26
fallon,1,US,1575418759,60,46.84,-105.12,6.0,5.1
palmer,75,AU,1575418759,59,-34.85,139.16,18.89,4.1
mataura,52,NZ,1575418590,69,-46.19,168.86,15.56,8.05
okha,98,RU,1575418759,67,53.59,142.95,-2.28,9.65
saint-louis,32,SN,1575418759,77,16.03,-16.5,21.0,3.1
busselton,37,AU,1575418759,18,-33.64,115.35,32.22,2.79
tasiilaq,84,GL,1575418509,79,65.61,-37.64,-2.0,2.1
georgetown,40,GY,1575418759,94,6.8,-58.16,25.0,2.1
mar del plata,47,AR,1575418516,63,-46.43,-67.52,12.32,3.68
bredasdorp,91,ZA,1575418759,58,-34.53,20.04,12.0,2.1
bethel,1,US,1575418613,77,60.79,-161.76,-13.0,3.6
turayf,0,SA,1575418759,93,31.68,38.65,5.0,2.1
ushuaia,75,AR,1575418377,66,-54.81,-68.31,10.0,10.8
nuuk,75,GL,1575418759,85,64.17,-51.74,-8.0,6.2
alofi,40,NU,1575418759,66,-19.06,-169.92,29.0,6.2
vallenar,22,CL,1575418759,84,-28.58,-70.76,14.45,1.47
norman wells,90,CA,1575418760,83,65.28,-126.83,-20.0,6.7
zhangjiakou,0,CN,1575418760,76,40.77,114.88,-10.28,2.37
puerto ayora,75,EC,1575418509,65,-0.74,-90.35,25.0,5.7
khatanga,0,RU,1575418599,86,71.98,102.47,-33.05,4.51
dongying,0,CN,1575418760,32,37.43,118.67,1.83,2.82
punta arenas,75,CL,1575418760,62,-53.16,-70.91,12.0,9.8
lakatoro,55,VU,1575418760,79,-16.11,167.42,30.0,4.6
hobart,40,AU,1575418603,35,-42.88,147.33,14.0,9.8
kapaa,90,US,1575418728,74,22.08,-159.32,27.0,5.7
pevek,100,RU,1575418760,80,69.7,170.27,-14.14,2.26
namibe,61,AO,1575418760,82,-15.19,12.15,22.59,2.03
fortuna,1,US,1575418713,82,40.6,-124.16,15.0,4.6
boca do acre,83,BR,1575418761,87,-8.76,-67.39,22.74,0.92
rikitea,84,PF,1575418713,85,-23.12,-134.97,24.66,6.93
dingle,100,PH,1575418609,87,11.0,122.67,26.07,2.04
victoria,75,BN,1575418512,94,5.28,115.24,26.0,1.0
barentu,42,ER,1575418761,67,15.11,37.59,19.2,1.69
kilindoni,24,TZ,1575418761,72,-7.91,39.67,27.93,2.65
atuona,19,PF,1575418517,78,-9.8,-139.03,26.43,6.67
san antonio,0,CL,1575418763,76,-33.58,-71.61,15.0,1.0
campbell river,75,CA,1575418512,87,50.02,-125.24,9.0,8.2
buenavista,40,CO,1575418763,83,4.36,-75.74,24.0,4.1
cabo san lucas,5,MX,1575418511,73,22.89,-109.91,25.0,2.1
fort-shevchenko,56,KZ,1575418763,84,44.51,50.26,0.53,2.66
college,90,US,1575418763,92,64.86,-147.8,-13.0,1.12
alice springs,0,AU,1575418536,18,-23.7,133.88,28.0,7.7
pointe michel,0,DM,1575418763,78,15.25,-61.38,27.98,7.3
salvador,20,BR,1575418763,78,-12.98,-38.48,27.0,4.6
chokurdakh,62,RU,1575418597,99,70.62,147.9,-29.44,1.27
ha tinh,53,VN,1575418552,66,18.33,105.9,19.33,7.25
jamestown,40,AU,1575418509,35,-33.21,138.6,19.48,2.86
ancud,12,CL,1575418824,66,-41.87,-73.83,12.0,5.1
qaanaaq,100,GL,1575418524,76,77.48,-69.36,-15.05,3.05
khomeyn,6,IR,1575418824,87,33.64,50.08,-0.31,1.78
vaini,96,IN,1575418824,86,15.34,74.49,19.44,5.71
butaritari,82,KI,1575418824,75,3.07,172.79,28.98,5.41
tezu,0,IN,1575418824,45,27.93,96.16,12.58,1.2
chake chake,80,TZ,1575418824,72,-5.25,39.77,28.0,3.43
chuy,84,UY,1575418738,60,-33.69,-53.46,18.71,5.2
homer,75,US,1575418525,79,59.64,-151.54,3.0,2.1
port hardy,90,CA,1575418718,100,50.7,-127.42,6.0,2.6
geraldton,90,CA,1575418526,79,49.72,-86.95,-4.0,2.1
lagoa,0,PT,1575418565,81,37.14,-8.45,11.11,2.6
bambous virieux,40,MU,1575418824,78,-20.34,57.76,24.44,4.6
ponta do sol,94,BR,1575418824,90,-20.63,-46.0,19.75,3.01
beira,0,ES,1575418824,100,43.2,-8.36,3.89,2.6
provideniya,75,RU,1575418824,85,64.42,-173.23,-5.0,4.0
coahuayana,0,MX,1575418824,56,18.62,-100.35,25.49,0.24
vulcan,22,CA,1575418824,78,50.4,-113.26,-2.99,1.28
pandan,45,PH,1575418824,69,11.72,122.09,27.73,2.01
lesogorskiy,90,RU,1575418824,92,61.05,28.93,-2.0,3.6
kiunga,100,PG,1575418622,86,-6.12,141.3,26.08,2.48
srikakulam,0,IN,1575418825,80,18.29,83.89,18.62,2.18
tiksi,10,RU,1575418533,98,71.64,128.87,-36.14,0.09
havoysund,75,NO,1575418825,80,71.0,24.66,-1.0,7.2
lebu,40,ET,1575418596,62,8.96,38.73,14.0,5.1
mahebourg,40,MU,1575418714,78,-20.41,57.7,24.44,4.6
hofn,100,IS,1575418825,82,64.25,-15.21,6.66,21.85
aguimes,40,ES,1575418825,68,27.91,-15.45,18.0,4.1
kaitangata,89,NZ,1575418565,48,-46.28,169.85,20.56,6.26
haines junction,100,CA,1575418825,96,60.75,-137.51,-12.33,0.82
nong phai,9,TH,1575418825,53,16.0,101.06,21.11,2.28
bendigo,12,AU,1575418825,46,-36.76,144.28,16.67,2.68
avarua,74,CK,1575418559,78,-21.21,-159.78,27.0,2.1
labuhan,77,ID,1575418566,84,-2.54,115.51,26.23,0.96
north bend,1,US,1575418632,76,43.41,-124.22,13.33,0.61
xinxiang,0,CN,1575418825,25,35.3,113.88,2.67,0.8
zhezkazgan,100,KZ,1575418825,86,47.8,67.71,1.19,6.43
tyler,1,US,1575418602,58,32.35,-95.3,16.0,1.75
los llanos de aridane,20,ES,1575418567,63,28.66,-17.92,18.0,2.6
ribeira grande,98,PT,1575418825,71,38.52,-28.7,14.44,6.02
fairbanks,90,US,1575418617,92,64.84,-147.72,-13.0,0.78
nome,1,US,1575418716,72,30.04,-94.42,16.67,1.5
bubaque,72,GW,1575418886,58,11.28,-15.83,28.5,4.97
santiago de cao,75,PE,1575418886,82,-7.96,-79.24,20.0,3.1
shenjiamen,17,CN,1575418887,49,29.96,122.3,10.65,5.44
gambela,8,ET,1575418887,64,8.25,34.59,23.74,0.99
lavrentiya,53,RU,1575418887,81,65.58,-170.99,-9.29,3.99
cape town,0,ZA,1575418822,54,-33.93,18.42,15.56,13.9
vanavara,96,RU,1575418887,98,60.35,102.28,-24.63,2.13
coquimbo,100,CL,1575418626,82,-29.95,-71.34,15.0,5.1
saint-ambroise,20,CA,1575418752,84,48.56,-71.32,-11.0,1.08
troy,1,US,1575418654,63,42.73,-73.69,-1.0,7.2
yellowknife,75,CA,1575418887,84,62.45,-114.38,-16.0,4.6
tuktoyaktuk,75,CA,1575418887,75,69.44,-133.03,-25.0,2.6
pisco,75,PE,1575418887,88,-13.71,-76.2,20.0,3.6
gillette,1,US,1575418887,69,44.29,-105.5,2.0,4.1
katsuura,20,JP,1575418887,61,33.93,134.5,9.0,3.6
isangel,20,VU,1575418610,59,-19.55,169.27,32.0,3.1
port alfred,51,ZA,1575418887,66,-33.59,26.89,16.67,2.68
northam,94,AU,1575418887,34,-31.65,116.67,28.0,4.1
dikson,100,RU,1575418610,87,73.51,80.55,-16.09,5.26
raudeberg,100,NO,1575418888,87,61.99,5.14,9.0,8.2
kudahuvadhoo,82,MV,1575418888,76,2.67,72.89,28.28,4.16
nyurba,14,RU,1575418888,93,63.29,118.35,-35.36,3.12
gamba,0,CN,1575418888,16,28.28,88.52,-10.52,2.19
dorado,40,PR,1575418728,78,18.46,-66.27,28.0,1.5
codrington,0,AU,1575418614,13,-28.95,153.24,31.67,2.6
borogontsy,96,RU,1575418888,95,62.67,131.17,-34.55,3.78
saint george,90,GR,1575418715,81,39.45,22.34,10.0,2.6
vila franca do campo,40,PT,1575418633,72,37.72,-25.43,16.0,5.1
solnechnyy,100,RU,1575418888,87,50.72,136.64,-12.86,2.28
hilo,90,US,1575418889,78,19.71,-155.08,25.0,4.6
lorengau,95,PG,1575418613,72,-2.02,147.27,28.83,2.27
hithadhoo,28,MV,1575418889,78,-0.6,73.08,28.2,3.6
pindiga,100,NG,1575418889,24,9.98,10.93,22.07,2.38
sorland,100,NO,1575418623,92,67.67,12.69,7.56,14.56
nantucket,1,US,1575418672,64,41.28,-70.1,2.22,5.7
tuatapere,97,NZ,1575418891,79,-46.13,167.69,13.89,8.05
severo-kurilsk,74,RU,1575418718,73,50.68,156.12,-5.28,7.62
saint-philippe,75,CA,1575418891,63,45.36,-73.48,-1.11,3.6
blythe,1,US,1575418891,51,33.61,-114.59,16.11,2.1
langsa,22,ID,1575418891,93,4.47,97.97,23.42,1.06
vestmannaeyjar,100,IS,1575418891,65,63.44,-20.27,4.88,11.57
barrow,33,AR,1575418891,76,-38.31,-60.23,11.64,1.69
crotone,68,IT,1575418891,79,39.09,17.12,12.08,9.12
half moon bay,75,US,1575418892,82,37.46,-122.43,16.0,1.5
salalah,100,OM,1575418892,57,17.01,54.1,25.0,7.7
hamilton,90,CA,1575418704,100,43.26,-79.87,0.56,3.1
huntsville,1,US,1575418663,78,34.73,-86.59,5.0,1.14
esperance,60,AU,1575418952,32,-33.86,121.89,29.0,10.3
ugoofaaru,96,MV,1575418952,80,5.67,73.0,28.37,6.47
port blair,40,IN,1575418953,74,11.67,92.75,28.0,5.1
constitucion,5,MX,1575418953,8,23.99,-104.67,24.0,2.6
cidreira,0,BR,1575418953,70,-30.17,-50.22,20.77,12.47
laguna,90,BZ,1575418717,94,16.17,-88.94,23.0,3.1
sherbakul,90,RU,1575418953,92,54.63,72.39,-11.0,2.0
cockburn town,0,TC,1575418953,69,21.46,-71.14,26.94,3.37
maniitsoq,100,GL,1575418953,87,65.42,-52.9,-8.44,6.26
new norfolk,75,AU,1575418953,35,-42.78,147.06,14.0,11.3
lompoc,90,US,1575418953,48,34.64,-120.46,18.0,4.1
port keats,30,AU,1575418953,54,-14.25,129.55,32.79,1.35
doha,1,QA,1575418953,72,25.29,51.53,22.0,2.1
ergani,6,TR,1575418953,92,38.27,39.76,-1.0,3.1
son la,6,VN,1575418953,86,21.32,103.9,8.94,0.75
dudinka,87,RU,1575418953,61,69.41,86.18,-11.0,6.0
todos santos,5,MX,1575418953,73,23.45,-110.23,25.0,2.1
hillsborough,90,US,1575418953,77,37.57,-122.38,16.0,3.64
kargasok,87,RU,1575418953,96,59.06,80.87,-12.21,3.42
luanda,75,AO,1575418953,83,-8.83,13.24,26.0,2.1
thompson,75,CA,1575418953,85,55.74,-97.86,-12.0,1.5
chanute,1,US,1575418682,56,37.68,-95.46,8.0,1.5
atar,0,MR,1575418953,41,20.52,-13.05,17.66,3.67
chapais,1,CA,1575418787,85,49.78,-74.86,-12.0,1.5
laje,95,BR,1575418953,94,-13.18,-39.42,21.5,2.75
te anau,100,NZ,1575418953,88,-45.41,167.72,8.98,3.29
bekwai,50,GH,1575418954,85,6.46,-1.58,23.85,1.55
ulladulla,0,AU,1575418954,15,-35.36,150.48,26.0,8.2
teeli,0,RU,1575418954,40,51.01,90.2,-17.49,0.25
kahului,40,US,1575418954,45,20.89,-156.47,31.0,6.7
paita,40,PE,1575418954,100,-5.09,-81.11,17.0,4.6
husavik,86,CA,1575418954,92,50.56,-96.99,-4.26,4.1
henties bay,80,NA,1575418954,87,-22.12,14.28,14.44,1.79
orizona,97,BR,1575418954,91,-17.03,-48.3,21.17,1.49
makakilo city,20,US,1575418725,61,21.35,-158.09,28.0,4.6
arlington,1,US,1575418737,44,32.74,-97.11,17.22,1.5
east london,60,ZA,1575418954,74,-33.02,27.91,15.74,7.59
albany,1,US,1575418907,63,42.65,-73.75,-1.0,7.2
potsdam,75,DE,1575418954,87,52.4,13.06,6.67,5.1
tieling,0,CN,1575418954,49,42.29,123.84,-15.05,0.48
umm kaddadah,3,SD,1575418855,32,13.6,26.69,19.1,5.34
segezha,100,RU,1575419014,83,63.74,34.31,-2.66,4.9
narsaq,12,GL,1575419014,52,60.91,-46.05,-8.0,3.1
pangnirtung,20,CA,1575419014,64,66.15,-65.72,-20.0,6.2
angoche,59,MZ,1575419014,85,-16.23,39.91,25.19,1.39
upernavik,100,GL,1575418730,82,72.79,-56.15,-10.83,2.81
carutapera,0,BR,1575418774,77,-1.2,-46.02,28.17,7.68
longyearbyen,9,NO,1575419017,62,78.22,15.63,-6.0,5.1
nemuro,20,JP,1575419017,32,43.32,145.57,-3.0,11.3
nikolskoye,99,RU,1575419017,86,59.7,30.79,-1.0,6.0
mtsamboro,82,YT,1575419017,88,-12.7,45.07,27.0,1.0
port lincoln,0,AU,1575418729,49,-34.72,135.86,19.32,1.95
port hedland,12,AU,1575419017,17,-20.31,118.58,34.0,1.5
yulara,0,AU,1575419017,13,-25.24,130.99,30.0,7.2
sevierville,20,US,1575419018,74,35.87,-83.56,4.44,2.15
matay,3,EG,1575419018,73,28.42,30.79,11.97,4.33
indiana,90,US,1575418752,91,40.62,-79.15,1.11,6.2
melekhovo,96,RU,1575419018,97,54.43,41.37,-5.77,2.22
seoul,1,KR,1575418925,64,37.57,126.98,1.0,1.09
nizwa,0,OM,1575419019,70,22.93,57.53,15.19,1.15
port elizabeth,1,US,1575419019,59,39.31,-74.98,4.44,1.5
guerrero negro,56,MX,1575419019,43,27.97,-114.04,20.24,4.21
south lake tahoe,90,US,1575419019,93,38.93,-119.98,2.78,2.1
kodiak,1,US,1575419019,52,39.95,-94.76,8.89,4.6
buraydah,0,SA,1575419019,71,26.33,43.97,12.0,1.5
athabasca,52,CA,1575419019,76,54.72,-113.29,-4.2,3.52
adrar,0,DZ,1575419019,46,27.87,-0.29,12.0,3.6
vostok,100,RU,1575419019,92,46.45,135.83,-23.52,3.16
aksha,0,RU,1575419019,85,50.28,113.29,-25.96,1.9
cherskiy,83,RU,1575419020,97,68.75,161.3,-29.62,2.47
bandarbeyla,100,SO,1575419020,72,9.49,50.81,25.49,12.12
mujiayingzi,56,CN,1575419020,66,42.12,118.78,-10.02,1.38
macenta,0,GN,1575419020,48,8.55,-9.47,19.25,0.79
bowen,37,AU,1575419020,46,-20.01,148.25,34.0,5.7
tweed,40,CA,1575419020,63,44.48,-77.31,-1.11,3.6
jiangkou,0,CN,1575419020,50,30.7,117.56,5.71,1.05
saint-augustin,40,CA,1575419020,54,45.63,-73.98,-1.11,2.6
badiraguato,5,MX,1575419020,74,25.36,-107.55,26.0,2.6
lawrenceburg,20,US,1575419021,65,35.24,-87.33,6.0,2.07
guryevsk,100,RU,1575419021,92,54.28,85.93,-3.39,5.44
biak,100,ID,1575419021,71,-0.91,122.88,27.66,1.07
castro,17,CL,1575419081,66,-42.48,-73.76,12.0,5.1
carnarvon,5,ZA,1575419082,74,-30.97,22.13,5.88,10.59
tigzirt,60,DZ,1575419083,60,36.57,4.2,9.51,5.09
shinpokh,20,PK,1575419083,66,34.33,71.18,10.0,2.1
jiujiang,0,CN,1575419083,65,29.73,115.99,6.38,1.74
klaksvik,100,FO,1575419083,93,62.23,-6.59,9.0,10.8
daultala,34,PK,1575419083,70,33.19,73.14,8.89,4.1
dubti,100,ET,1575419083,56,11.74,41.09,24.92,2.27
maragogi,1,BR,1575419084,79,-9.01,-35.22,26.44,6.96
cabedelo,20,BR,1575419084,78,-6.97,-34.84,26.0,3.1
chulman,100,RU,1575419084,96,56.84,124.9,-33.55,2.46
juegang,0,CN,1575419084,61,32.31,121.18,6.67,2.68
sinnamary,21,GF,1575419084,81,5.38,-52.96,27.37,7.12
vaitape,50,PF,1575419013,70,-16.52,-151.75,28.13,2.63
honningsvag,100,NO,1575419084,79,70.98,25.97,-4.0,1.5
aykhal,75,RU,1575418852,75,65.95,111.51,-28.0,2.0
airai,67,TL,1575419084,54,-8.93,125.41,25.75,1.64
pundaguitan,98,PH,1575419084,73,6.37,126.17,28.0,2.9
mahajanga,20,MG,1575419085,65,-15.72,46.32,27.0,2.6
sao miguel do araguaia,53,BR,1575419086,84,-13.28,-50.16,23.83,1.87
awbari,92,LY,1575419086,24,26.59,12.77,18.78,3.62
mineiros,85,BR,1575419086,85,-17.57,-52.55,22.28,0.97
port macquarie,0,AU,1575418978,16,-31.43,152.91,30.56,4.1
manggar,100,ID,1575419086,75,-2.88,108.27,28.07,4.12
el alto,75,BO,1575419086,87,-16.5,-68.19,7.0,1.5
hirara,75,JP,1575419086,64,24.8,125.28,20.0,7.2
miraflores,33,PE,1575419086,44,-16.39,-71.52,15.0,3.6
ahipara,2,NZ,1575419086,69,-35.17,173.16,27.78,2.45
wellington,0,NZ,1575419086,68,-41.29,174.78,19.0,10.3
bambanglipuro,39,ID,1575419086,74,-7.95,110.28,26.65,1.69
sabha,100,LY,1575419086,24,27.03,14.43,18.51,4.88
ntcheu,27,MW,1575419086,82,-14.82,34.64,18.34,3.92
poum,100,MK,1575419086,95,41.28,20.71,-1.64,2.96
kavali,58,IN,1575419086,78,14.91,79.99,24.45,4.84
svetlogorsk,20,RU,1575419086,84,53.14,59.15,-15.0,1.0
kruisfontein,58,ZA,1575419086,72,-34.0,24.73,11.49,3.38
katubao,75,PH,1575419086,83,5.89,124.83,27.0,1.0
port shepstone,100,ZA,1575419086,92,-30.74,30.45,14.97,4.37
kloulklubed,90,PW,1575419086,88,7.04,134.26,26.0,2.6
cayenne,75,GF,1575418842,88,4.94,-52.33,26.0,1.5
brae,83,GB,1575419087,93,60.4,-1.35,8.0,7.7
houma,0,CN,1575419087,41,35.63,111.36,-1.78,1.12
baiyin,0,CN,1575419147,77,36.55,104.13,-14.0,2.0
grindavik,40,IS,1575419147,74,63.84,-22.43,3.0,7.2
meadow lake,20,CA,1575419147,74,54.13,-108.44,-1.0,5.1
richards bay,100,ZA,1575419147,78,-28.77,32.06,20.5,13.33
casper,1,US,1575419147,69,42.87,-106.31,1.0,7.2
kampot,100,KH,1575419147,50,10.62,104.18,24.0,7.2
manjacaze,66,MZ,1575419147,78,-24.71,33.88,24.0,7.95
thinadhoo,57,MV,1575419147,75,0.53,72.93,28.27,3.47
ucluelet,90,CA,1575419147,93,48.94,-125.55,8.33,3.6
antofagasta,20,CL,1575419147,72,-23.65,-70.4,17.0,4.6
ocampo,13,MX,1575419147,40,27.32,-102.4,16.44,2.38
huercal-overa,99,ES,1575419147,82,37.39,-1.95,9.44,7.15
sao filipe,100,CV,1575419147,83,14.9,-24.5,21.88,7.96
kenora,100,CA,1575418913,74,49.76,-94.48,-2.0,1.5
port-gentil,20,GA,1575419148,94,-0.72,8.78,26.0,1.0
ipixuna,40,BR,1575419148,88,-1.76,-48.8,26.0,3.1
silver city,1,US,1575419148,43,32.77,-108.28,12.22,2.6
damghan,96,IR,1575419148,62,36.17,54.34,9.07,2.54
tadine,93,NC,1575419148,60,-21.55,167.88,28.26,3.74
iqaluit,20,CA,1575419148,64,63.75,-68.52,-19.0,1.5
egvekinot,36,RU,1575419148,94,66.32,-179.17,-16.44,3.47
novaya igirma,0,RU,1575419148,78,57.14,103.93,-26.16,1.56
mount pleasant,1,US,1575419149,47,33.16,-94.97,14.0,1.76
kaeo,12,NZ,1575419149,69,-35.1,173.78,27.78,3.36
uspenka,99,UA,1575418949,74,48.39,39.16,-1.38,4.85
torbay,90,CA,1575419149,100,47.66,-52.73,3.33,3.6
milkovo,90,BG,1575419151,94,41.53,24.68,5.56,2.6
lata,38,IN,1575419151,6,30.78,78.62,-4.58,3.59
nanortalik,100,GL,1575419151,64,60.14,-45.24,-2.93,15.2
portland,90,US,1575418985,68,43.66,-70.25,-1.0,6.2
ust-kulom,100,RU,1575419151,91,61.69,53.69,-7.63,4.43
saint-pierre,40,FR,1575419151,94,48.95,4.24,1.67,3.1
flinders,0,AU,1575419151,15,-34.58,150.85,28.33,8.2
stity,66,CZ,1575419151,79,49.96,16.77,0.56,0.45
saldanha,0,PT,1575419151,86,41.42,-6.55,0.92,2.57
bethanien,82,NA,1575419151,44,-26.5,17.16,13.8,4.74
great bend,1,US,1575419151,48,38.36,-98.78,8.33,3.1
sistranda,75,NO,1575419079,87,63.73,8.83,9.44,12.9
san quintin,99,PH,1575419151,83,17.54,120.52,24.86,3.05
coolum beach,0,AU,1575419151,27,-26.53,153.09,33.33,0.45
mugur-aksy,0,RU,1575419151,31,50.38,90.44,-16.72,2.68
buala,70,SB,1575419152,76,-8.15,159.59,28.82,4.01
pangody,80,RU,1575419152,97,65.85,74.49,-14.68,5.03
tual,99,ID,1575419152,72,-5.67,132.75,28.56,2.97
souillac,0,FR,1575419212,86,45.6,-0.6,3.33,2.1
luderitz,33,NA,1575419212,63,-26.65,15.16,16.0,5.7
san patricio,20,PY,1575419212,43,-26.98,-56.83,24.14,2.3
kamenka,0,MD,1575419212,77,48.03,28.7,-2.22,3.03
lannion,0,FR,1575419212,93,48.73,-3.46,3.0,1.5
aksu,90,KZ,1575419212,100,52.04,76.93,-3.0,2.0
kavieng,18,PG,1575419212,64,-2.57,150.8,29.08,1.39
tura,100,RU,1575419212,92,64.27,100.22,-27.47,2.68
saskylakh,20,RU,1575419212,99,71.97,114.09,-37.05,2.73
vardo,40,US,1575419212,64,39.62,-77.74,3.33,5.1
tracy,90,US,1575419212,93,37.74,-121.43,16.0,1.39
esmeralda,0,CL,1575419212,24,-34.33,-70.9,22.0,2.1
pabna,17,BD,1575419212,70,24.0,89.25,17.72,2.85
lodwar,55,KE,1575419212,51,3.12,35.6,29.1,2.72
burns lake,100,CA,1575419213,98,54.23,-125.76,-3.05,0.72
aklavik,20,CA,1575418923,74,68.22,-135.01,-29.0,1.42
bonavista,100,CA,1575419213,85,48.65,-53.11,2.78,2.68
khani,90,GE,1575419213,75,41.96,42.96,7.0,1.0
dunedin,100,NZ,1575419213,66,-45.87,170.5,15.49,6.7
howard springs,75,AU,1575419213,74,-12.5,131.05,32.22,3.6
grand baie,40,MU,1575419213,78,-20.02,57.58,24.44,4.6
cuamba,79,MZ,1575419213,76,-14.8,36.54,22.41,0.73
leningradskiy,100,RU,1575419215,87,69.38,178.42,-7.12,7.49
bom jesus,93,BR,1575419215,92,-9.08,-44.36,21.55,0.3
aasiaat,71,GL,1575419215,95,68.71,-52.87,-17.11,3.93
hami,0,CN,1575419215,67,42.84,93.51,-7.76,0.52
gua musang,73,MY,1575419215,97,4.88,101.97,20.6,0.39
denpasar,20,ID,1575418959,79,-8.65,115.22,29.0,1.5
sirjan,0,IR,1575419215,74,29.44,55.67,7.38,3.13
puerto baquerizo moreno,75,EC,1575419216,88,-0.9,-89.6,23.0,5.1
hasaki,20,JP,1575419216,55,35.73,140.83,11.0,1.5
ryabovo,98,RU,1575419216,77,60.34,28.99,1.96,6.35
arraial do cabo,75,BR,1575419216,78,-22.97,-42.02,22.0,2.1
helong,0,CN,1575419216,53,25.94,116.13,3.77,1.33
finschhafen,100,PG,1575419216,74,-6.6,147.85,28.64,2.82
ikalamavony,15,MG,1575419216,72,-21.17,46.6,20.12,2.28
veere,13,NL,1575419216,86,51.55,3.67,5.0,5.7
blind river,90,CA,1575419216,96,46.19,-82.96,2.0,3.1
payo,95,ID,1575419216,96,-3.75,103.64,20.77,0.38
kununurra,0,AU,1575419216,55,-15.77,128.74,33.0,1.5
forssa,90,FI,1575419216,97,60.82,23.63,1.0,6.2
chipinge,34,ZW,1575419216,43,-20.19,32.62,21.76,1.98
tshikapa,99,CD,1575419216,94,-6.42,20.79,19.41,0.5
sitka,54,US,1575419217,54,37.17,-99.65,7.78,1.34
kinablangan,91,PH,1575419217,66,7.69,126.55,27.37,0.62
saint anthony,100,US,1575419242,86,43.97,-111.68,-1.0,1.66
weihe,100,CN,1575419277,65,32.99,105.33,-0.28,1.83
abapo,71,BO,1575419277,61,-18.83,-63.47,25.63,2.2
besancon,0,FR,1575419276,100,47.25,6.02,1.11,2.1
mehamn,98,NO,1575419277,79,71.03,27.85,-4.0,1.5
knyaginino,100,RU,1575419277,92,58.46,41.41,-4.61,3.61
yerbogachen,31,RU,1575419277,86,61.28,108.01,-31.53,3.51
kamakwie,0,SL,1575419277,51,9.5,-12.24,22.8,0.12
batemans bay,0,AU,1575419277,58,-35.71,150.18,21.11,1.34
kinkala,94,CG,1575419277,100,-4.35,14.75,23.0,1.0
biryusinsk,44,RU,1575419277,87,55.96,97.82,-14.65,1.75
amherst,90,US,1575419095,92,42.98,-78.8,1.11,4.6
faya,20,SA,1575419277,67,18.39,42.45,16.0,2.1
cervo,75,BR,1575419277,93,-22.19,-46.24,17.27,3.11
naze,100,NG,1575419277,89,5.43,7.07,24.34,1.38
middelburg,13,NL,1575419277,86,51.5,3.61,7.0,5.7
filadelfia,92,PY,1575419277,45,-22.35,-60.04,30.03,4.53
humaita,75,AR,1575419277,72,-24.93,-65.37,21.0,2.1
kamaishi,40,JP,1575419277,93,39.28,141.86,2.0,0.5
road town,0,VG,1575418995,88,18.42,-64.62,27.22,1.0
almaznyy,75,RU,1575419278,88,48.03,40.04,0.0,5.0
rolla,1,US,1575419279,52,37.95,-91.77,8.33,4.1
urucara,95,BR,1575419279,49,-2.54,-57.76,30.28,0.82
karratha,0,AU,1575419279,61,-20.74,116.85,29.73,0.54
verkhoturye,100,RU,1575419279,86,58.86,60.81,-8.9,3.89
lakes entrance,92,AU,1575419279,51,-37.88,147.99,20.56,1.34
santa maria del oro,0,MX,1575419279,26,25.95,-105.37,17.58,3.24
sanmenxia,17,CN,1575419279,45,34.77,111.19,-0.79,1.76
sao luiz gonzaga,15,BR,1575419280,54,-28.41,-54.96,22.94,4.12
tamarindo,0,CU,1575419280,80,22.12,-78.91,18.78,3.23
manaus,40,BR,1575419280,62,-3.13,-59.98,30.0,3.1
yushu,0,CN,1575419280,66,44.84,126.53,-20.35,4.58
caravelas,100,BR,1575419280,97,-17.73,-39.27,22.44,2.94
port lavaca,1,US,1575419280,63,28.61,-96.63,19.0,3.6
barbate,75,ES,1575419281,93,36.19,-5.92,15.0,1.0
mawlaik,37,MM,1575419281,94,23.63,94.42,16.14,0.88
kirakira,80,SB,1575419281,70,-10.46,161.92,28.9,3.66
mala,66,PE,1575419281,88,-12.66,-76.63,16.26,1.02
uvat,100,RU,1575419281,92,59.14,68.9,-11.03,3.26
toora-khem,21,RU,1575419281,98,52.47,96.11,-20.15,0.91
isla mujeres,5,MX,1575419281,69,21.23,-86.73,23.0,2.1
nioro,78,GM,1575419281,19,13.79,-15.05,25.96,3.9
ola,100,RU,1575419281,84,59.58,151.3,-20.4,7.04
batagay,44,RU,1575419281,99,67.65,134.64,-39.34,0.57
conde,78,BR,1575419281,81,-11.81,-37.61,26.39,7.67
necochea,0,AR,1575419242,75,-38.55,-58.74,11.11,1.34
komsomolskiy,94,RU,1575419223,91,67.55,63.78,-14.32,1.44
saijo,20,JP,1575419341,70,33.92,133.18,9.0,3.6
shache,30,CN,1575419341,75,38.42,77.24,-6.18,0.38
ambilobe,60,MG,1575419341,73,-13.19,49.05,25.51,4.37
faanui,50,PF,1575419341,70,-16.48,-151.75,28.13,2.63
margate,75,AU,1575419341,35,-43.03,147.26,14.0,11.3
rocha,100,UY,1575419341,65,-34.48,-54.34,17.98,2.09
samfya,72,ZM,1575419342,90,-11.37,29.56,18.97,0.8
walvis bay,68,NA,1575419342,82,-22.95,14.51,14.44,3.6
bulawayo,52,ZW,1575419342,58,-20.16,28.59,22.47,1.59
genhe,76,CN,1575419342,97,50.78,121.52,-32.94,1.69
san cristobal,100,HN,1575419342,88,14.68,-86.92,18.89,1.27
pacific grove,90,US,1575419114,82,36.62,-121.92,16.0,1.5
broome,1,GB,1575419342,86,52.47,1.45,6.0,3.1
diego de almagro,0,CL,1575419342,48,-26.39,-70.05,14.72,1.34
ostrovnoy,100,RU,1575419342,94,68.05,39.51,-7.48,4.17
farah,0,AF,1575419342,37,32.37,62.11,11.95,2.69
oksfjord,90,NO,1575419342,86,70.24,22.35,-1.0,8.7
salym,53,RU,1575419342,94,60.06,71.48,-12.85,3.06
dhidhdhoo,80,MV,1575419342,78,6.88,73.1,28.48,7.89
paamiut,100,GL,1575419244,75,61.99,-49.67,-6.58,3.06
bafq,33,IR,1575419342,69,31.6,55.4,11.0,1.59
chicama,75,PE,1575419342,82,-7.84,-79.15,20.0,3.1
puerto colombia,40,CO,1575419343,88,10.99,-74.96,28.0,3.6
takoradi,28,GH,1575419343,85,4.89,-1.75,27.02,3.96
saint-georges,100,CA,1575419344,1,46.12,-70.67,-4.44,1.79
russkaya polyana,1,RU,1575419344,93,53.78,73.88,-12.43,1.33
fare,33,PF,1575419344,68,-16.7,-151.02,28.63,3.56
millinocket,90,US,1575419344,74,45.66,-68.71,0.0,6.2
jalu,100,LY,1575419344,63,29.03,21.55,15.41,3.89
turbat,98,PK,1575419344,40,26.0,63.05,17.86,1.14
westport,1,US,1575419296,64,41.14,-73.36,2.0,3.6
mana,15,NG,1575419344,18,13.03,5.27,21.31,3.09
clyde river,90,CA,1575419344,76,70.47,-68.59,-20.0,2.1
havelock,1,US,1575419069,86,34.88,-76.9,9.0,2.1
pierre,1,US,1575419345,69,44.37,-100.35,4.0,5.7
huoqiu,0,CN,1575419345,61,32.34,116.27,4.53,2.02
beyneu,32,KZ,1575419345,93,45.32,55.19,-0.3,2.63
sharjah,0,AE,1575419345,73,25.36,55.39,21.0,2.1
kalmunai,100,LK,1575419345,80,7.42,81.82,27.77,8.85
fershampenuaz,100,RU,1575419346,90,53.52,59.82,-13.0,1.95
mecca,0,SA,1575419346,55,21.43,39.83,23.05,1.42
kuala terengganu,20,MY,1575419346,74,5.33,103.14,27.0,3.1
buin,0,CL,1575419347,27,-33.73,-70.74,25.56,2.1
orumiyeh,75,IR,1575419347,93,37.55,45.08,2.0,1.0
calvia,100,ES,1575419347,93,39.57,2.51,16.11,6.2
stepnogorsk,40,KZ,1575419407,96,52.35,71.88,-10.79,1.73
petatlan,75,MX,1575419407,74,17.52,-101.27,30.0,5.1
visby,100,SE,1575419407,93,57.64,18.3,6.0,4.6
cleethorpes,23,GB,1575419407,100,53.56,-0.03,4.44,3.6
ilulissat,75,GL,1575419407,72,69.22,-51.1,-11.0,11.3
izhma,100,RU,1575419407,91,65.01,53.91,-7.27,4.85
aizpute,100,LV,1575419407,100,56.72,21.61,6.0,8.7
kungurtug,4,RU,1575419407,77,50.6,97.53,-18.74,1.1
nioki,28,CD,1575419407,97,-2.72,17.69,21.58,0.98
jaisalmer,95,IN,1575419407,25,26.91,70.91,17.61,3.06
sambava,99,MG,1575419353,89,-14.27,50.17,22.22,1.45
sault sainte marie,90,CA,1575419407,86,46.49,-84.36,1.0,2.1
mayo,90,CA,1575419407,72,63.59,-135.9,-11.0,3.6
itambacuri,100,BR,1575419407,98,-18.04,-41.68,18.61,2.73
kijang,20,KR,1575419222,50,35.24,129.21,4.0,2.1
whitehorse,75,CA,1575419408,85,60.72,-135.06,-7.0,2.6
aripuana,24,BR,1575419251,72,-9.17,-60.63,25.95,0.74
dedza,27,MW,1575419408,85,-14.38,34.33,18.98,1.13
rybachiy,75,RU,1575419408,86,48.71,44.74,-2.0,8.0
rio grande,82,BR,1575419141,73,-32.03,-52.1,19.44,1.34
vila velha,20,BR,1575419408,74,-3.71,-38.6,28.0,4.1
yarada,20,IN,1575419408,83,17.65,83.27,23.0,4.1
keetmanshoop,28,NA,1575419408,39,-26.57,18.15,14.63,1.92
bull savanna,56,JM,1575419408,94,17.89,-77.59,21.34,0.24
felipe carrillo puerto,0,MX,1575419408,84,19.58,-88.05,21.09,1.5
keningau,75,MY,1575419408,88,5.33,116.16,26.0,3.1
tilichiki,100,RU,1575419408,98,60.47,166.1,-25.19,6.62
santa cruz,29,BR,1575419408,91,-6.22,-36.02,21.64,1.93
yelovo,100,RU,1575419408,92,57.05,54.92,-10.71,5.31
harper,1,US,1575419408,29,30.3,-99.24,18.0,3.38
hof,70,DE,1575419408,100,50.32,11.92,1.11,2.14
mbekenyera,48,TZ,1575419408,95,-10.0,38.98,21.04,0.4
zhanaozen,0,KZ,1575419408,87,43.35,52.85,1.07,4.41
haileybury,90,CA,1575419409,92,47.44,-79.64,-5.0,3.6
jacareacanga,54,BR,1575419409,56,-6.22,-57.76,27.25,0.77
asyut,17,EG,1575419409,71,27.18,31.19,13.0,9.3
tarko-sale,91,RU,1575419409,89,64.92,77.78,-12.78,0.89
nueva loja,94,EC,1575419409,78,0.08,-76.88,27.0,2.1
fayetteville,1,US,1575419409,87,36.06,-94.16,9.0,2.03
khandyga,96,RU,1575419409,96,62.65,135.58,-37.88,1.15
wattegama,74,LK,1575419409,97,7.35,80.68,22.07,0.84
malbang,75,PH,1575419409,83,5.86,125.05,27.0,1.0
jaumave,5,MX,1575419176,41,23.41,-99.38,26.0,0.98
matadi,100,CD,1575419409,95,-5.83,13.46,22.77,0.6
chickasha,1,US,1575419409,61,35.05,-97.94,12.78,2.6
goundam,40,ML,1575419470,14,16.42,-3.66,23.19,3.74
les cayes,0,HT,1575419470,71,18.19,-73.75,28.23,3.76
folldal,100,NO,1575419470,89,62.14,10.0,-1.24,3.18
usinsk,100,RU,1575419470,92,66.0,57.56,-13.32,6.06
conakry,0,GN,1575419470,76,9.52,-13.7,27.17,2.55
berdigestyakh,48,RU,1575419470,93,62.1,126.7,-35.79,3.82
yuksekova,75,TR,1575419470,93,37.57,44.29,2.0,1.0
north branch,40,US,1575419470,64,45.51,-92.98,1.11,4.1
polis,40,CY,1575419470,66,35.04,32.42,13.0,3.1
sur,56,OM,1575419470,64,22.57,59.53,21.17,2.28
flin flon,90,CA,1575419470,85,54.77,-101.88,-7.0,1.0
gat,64,SN,1575419470,60,14.69,-16.54,24.0,2.1
namuac,100,PH,1575419470,97,18.61,121.17,21.9,6.21
khorixas,85,NA,1575419470,21,-20.37,14.96,21.88,1.46
viseu,0,PT,1575419457,84,40.66,-7.91,4.44,3.13
krasnyy kut,98,RU,1575419470,74,47.1,40.67,-0.91,4.7
huambo,100,AO,1575419470,96,-12.78,15.73,16.0,1.52
kavaratti,78,IN,1575419470,75,10.57,72.64,28.73,7.37
umtata,100,ZA,1575419470,76,-31.59,28.78,11.0,3.1
springbok,0,ZA,1575419361,36,-29.67,17.88,12.66,10.95
itarema,0,BR,1575419429,81,-2.92,-39.92,25.44,3.35
tonshayevo,100,RU,1575419470,96,57.74,47.01,-5.82,3.06
gouyave,20,GD,1575419471,94,12.16,-61.73,26.0,4.6
loiza,1,PR,1575419292,94,18.43,-65.88,26.67,0.6
rodrigues alves,80,BR,1575419471,94,-7.74,-72.65,25.0,1.0
slovenska bistrica,31,SI,1575419471,92,46.39,15.57,-1.0,1.0
vysokovsk,90,RU,1575419471,86,56.32,36.55,-3.0,6.0
ogaminana,99,NG,1575419471,60,7.6,6.2,24.23,0.93
ilinskiy,75,RU,1575419471,79,55.62,38.12,-1.67,2.0
kenai,90,US,1575419471,85,60.55,-151.26,-3.33,1.5
beloha,0,MG,1575419471,58,-25.17,45.06,24.42,2.51
ivdel,100,RU,1575419471,84,60.7,60.42,-8.89,3.6
shimoda,20,JP,1575419471,66,34.7,138.93,13.0,2.6
rong kwang,20,TH,1575419471,100,18.34,100.32,15.0,1.05
santa engracia,64,ES,1575419471,70,41.94,-1.32,5.0,1.0
nelson bay,0,AU,1575419471,20,-32.72,152.14,28.89,6.7
north myrtle beach,1,US,1575419471,75,33.83,-78.68,8.0,1.54
shunyi,0,CN,1575419471,29,40.13,116.65,4.0,6.0
meulaboh,77,ID,1575419471,80,4.14,96.13,26.3,0.96
comodoro rivadavia,73,AR,1575419217,87,-45.87,-67.48,11.0,1.5
tateyama,75,JP,1575419471,81,36.66,137.31,8.33,2.6
yangambi,100,CD,1575419471,93,0.77,24.47,20.73,1.0
conceicao do araguaia,20,BR,1575419212,59,-8.26,-49.26,27.01,0.53
lonevag,75,NO,1575419472,100,60.53,5.49,8.33,5.1
nouadhibou,0,MR,1575419472,82,20.93,-17.03,18.0,6.2
camacupa,100,AO,1575419443,98,-12.02,17.48,17.89,3.04
rancho palos verdes,90,US,1575419532,52,33.75,-118.37,19.0,3.58
balaipungut,100,ID,1575419532,95,1.11,101.31,23.78,0.53
sarkand,1,KZ,1575419532,39,45.41,79.91,1.37,1.8
vahan,22,AZ,1575419532,68,40.58,45.4,-1.95,3.13
talnakh,83,RU,1575419248,61,69.49,88.39,-11.0,6.0
barcelos,100,BR,1575419532,89,-0.97,-62.93,24.65,0.67
malindi,52,KE,1575419532,95,-3.22,40.12,23.07,2.09
namanyere,100,TZ,1575419532,95,-7.51,31.05,16.78,1.26
swan hill,25,AU,1575419532,46,-35.34,143.56,18.29,6.05
huilong,100,CN,1575419532,60,31.15,106.5,8.23,0.38
fomboni,99,KM,1575419532,72,-12.28,43.74,28.53,2.13
